id,firstName,lastName,email,gender,contactNo,country,dob
10,Babs,Orridge,borridge9@exblog.jp,Female,654-596-4163,Netherlands,04/08/1999
11,Arliene,Dunnett,adunnetta@microsoft.com,Female,799-950-8349,China,10/08/1999
12,Anabal,Bick,abickb@icq.com,Female,100-307-6924,Ukraine,20/06/2009
13,Thelma,Hoodlass,thoodlassc@ucsd.edu,Female,627-566-6711,China,16/11/2012
14,Othello,Sperrett,osperrettd@feedburner.com,Male,326-887-9247,France,28/11/1990
15,Kristal,Herche,kherchee@cbslocal.com,Female,928-973-7589,China,12/11/2016
16,Archibaldo,Goldberg,agoldbergf@ted.com,Male,733-212-0386,Brazil,27/04/2012
17,Traver,Sutheran,tsutherang@wired.com,Male,231-864-6056,Bosnia and Herzegovina,30/12/1994
18,Noelani,Baggally,nbaggallyh@discuz.net,Female,641-445-0261,Brazil,22/02/2015
19,Maye,Peetermann,mpeetermanni@rambler.ru,Female,222-435-3367,Bulgaria,19/01/2011
